"Tabela 647 - Custo de projeto m², por tipo de projeto e padrão de acabamento"
"Variável - Custo de projeto m² (Reais)"
"Cód.","Unidade da Federação","Padrão de acabamento","Mês x Tipo de projeto"
"Cód.","Unidade da Federação","Padrão de acabamento","janeiro 2024",,,,,"fevereiro 2024",,,,,"março 2024",,,,,"abril 2024",,,,,"maio 2024",,,,,"junho 2024",,,,,"julho 2024",,,,,"agosto 2024",,,,,"setembro 2024",,,,,"outubro 2024",,,,,"novembro 2024",,,,,"dezembro 2024"
"Cód.","Unidade da Federação","Padrão de acabamento","CP.1-2Q.....46 Casa popular, 1 pavimento, varanda, sala, 2 quartos, circulação, banheiro e cozinha","CR.1-3Q....104 Casa residencial, 1 pavimento, varanda, sala,3 quartos, circulação, banheiro, lavabo, cozinha, área de serviço, quarto e WC de empregada","PR4-3QP...2520 Prédio residencial, pilotis, 4 pavimentos tipo, sala, 3 quartos, circulação, banheiro, lavabo, cozinha, área de serviço, quarto e WC de empregada","PC.12-LA..8192 Prédio comercial, 12 pavimentos, lojas e salas autônomas","CB-MMO......31 Projeto-tipo cesta básica, materiais e mão-de-obra, sala, quarto, circulação, banheiro e cozinha","CP.1-2Q.....46 Casa popular, 1 pavimento, varanda, sala, 2 quartos, circulação, banheiro e cozinha","CR.1-3Q....104 Casa residencial, 1 pavimento, varanda, sala,3 quartos, circulação, banheiro, lavabo, cozinha, área de serviço, quarto e WC de empregada","PR4-3QP...2520 Prédio residencial, pilotis, 4 pavimentos tipo, sala, 3 quartos, circulação, banheiro, lavabo, cozinha, área de serviço, quarto e WC de empregada","PC.12-LA..8192 Prédio comercial, 12 pavimentos, lojas e salas autônomas","CB-MMO......31 Projeto-tipo cesta básica, materiais e mão-de-obra, sala, quarto, circulação, banheiro e cozinha","CP.1-2Q.....46 Casa popular, 1 pavimento, varanda, sala, 2 quartos, circulação, banheiro e cozinha","CR.1-3Q....104 Casa residencial, 1 pavimento, varanda, sala,3 quartos, circulação, banheiro, lavabo, cozinha, área de serviço, quarto e WC de empregada","PR4-3QP...2520 Prédio residencial, pilotis, 4 pavimentos tipo, sala, 3 quartos, circulação, banheiro, lavabo, cozinha, área de serviço, quarto e WC de empregada","PC.12-LA..8192 Prédio comercial, 12 pavimentos, lojas e salas autônomas","CB-MMO......31 Projeto-tipo cesta básica, materiais e mão-de-obra, sala, quarto, circulação, banheiro e cozinha","CP.1-2Q.....46 Casa popular, 1 pavimento, varanda, sala, 2 quartos, circulação, banheiro e cozinha","CR.1-3Q....104 Casa residencial, 1 pavimento, varanda, sala,3 quartos, circulação, banheiro, lavabo, cozinha, área de serviço, quarto e WC de empregada","PR4-3QP...2520 Prédio residencial, pilotis, 4 pavimentos tipo, sala, 3 quartos, circulação, banheiro, lavabo, cozinha, área de serviço, quarto e WC de empregada","PC.12-LA..8192 Prédio comercial, 12 pavimentos, lojas e salas autônomas","CB-MMO......31 Projeto-tipo cesta básica, materiais e mão-de-obra, sala, quarto, circulação, banheiro e cozinha","CP.1-2Q.....46 Casa popular, 1 pavimento, varanda, sala, 2 quartos, circulação, banheiro e cozinha","CR.1-3Q....104 Casa residencial, 1 pavimento, varanda, sala,3 quartos, circulação, banheiro, lavabo, cozinha, área de serviço, quarto e WC de empregada","PR4-3QP...2520 Prédio residencial, pilotis, 4 pavimentos tipo, sala, 3 quartos, circulação, banheiro, lavabo, cozinha, área de serviço, quarto e WC de empregada","PC.12-LA..8192 Prédio comercial, 12 pavimentos, lojas e salas autônomas","CB-MMO......31 Projeto-tipo cesta básica, materiais e mão-de-obra, sala, quarto, circulação, banheiro e cozinha","CP.1-2Q.....46 Casa popular, 1 pavimento, varanda, sala, 2 quartos, circulação, banheiro e cozinha","CR.1-3Q....104 Casa residencial, 1 pavimento, varanda, sala,3 quartos, circulação, banheiro, lavabo, cozinha, área de serviço, quarto e WC de empregada","PR4-3QP...2520 Prédio residencial, pilotis, 4 pavimentos tipo, sala, 3 quartos, circulação, banheiro, lavabo, cozinha, área de serviço, quarto e WC de empregada","PC.12-LA..8192 Prédio comercial, 12 pavimentos, lojas e salas autônomas","CB-MMO......31 Projeto-tipo cesta básica, materiais e mão-de-obra, sala, quarto, circulação, banheiro e cozinha","CP.1-2Q.....46 Casa popular, 1 pavimento, varanda, sala, 2 quartos, circulação, banheiro e cozinha","CR.1-3Q....104 Casa residencial, 1 pavimento, varanda, sala,3 quartos, circulação, banheiro, lavabo, cozinha, área de serviço, quarto e WC de empregada","PR4-3QP...2520 Prédio residencial, pilotis, 4 pavimentos tipo, sala, 3 quartos, circulação, banheiro, lavabo, cozinha, área de serviço, quarto e WC de empregada","PC.12-LA..8192 Prédio comercial, 12 pavimentos, lojas e salas autônomas","CB-MMO......31 Projeto-tipo cesta básica, materiais e mão-de-obra, sala, quarto, circulação, banheiro e cozinha","CP.1-2Q.....46 Casa popular, 1 pavimento, varanda, sala, 2 quartos, circulação, banheiro e cozinha","CR.1-3Q....104 Casa residencial, 1 pavimento, varanda, sala,3 quartos, circulação, banheiro, lavabo, cozinha, área de serviço, quarto e WC de empregada","PR4-3QP...2520 Prédio residencial, pilotis, 4 pavimentos tipo, sala, 3 quartos, circulação, banheiro, lavabo, cozinha, área de serviço, quarto e WC de empregada","PC.12-LA..8192 Prédio comercial, 12 pavimentos, lojas e salas autônomas","CB-MMO......31 Projeto-tipo cesta básica, materiais e mão-de-obra, sala, quarto, circulação, banheiro e cozinha","CP.1-2Q.....46 Casa popular, 1 pavimento, varanda, sala, 2 quartos, circulação, banheiro e cozinha","CR.1-3Q....104 Casa residencial, 1 pavimento, varanda, sala,3 quartos, circulação, banheiro, lavabo, cozinha, área de serviço, quarto e WC de empregada","PR4-3QP...2520 Prédio residencial, pilotis, 4 pavimentos tipo, sala, 3 quartos, circulação, banheiro, lavabo, cozinha, área de serviço, quarto e WC de empregada","PC.12-LA..8192 Prédio comercial, 12 pavimentos, lojas e salas autônomas","CB-MMO......31 Projeto-tipo cesta básica, materiais e mão-de-obra, sala, quarto, circulação, banheiro e cozinha","CP.1-2Q.....46 Casa popular, 1 pavimento, varanda, sala, 2 quartos, circulação, banheiro e cozinha","CR.1-3Q....104 Casa residencial, 1 pavimento, varanda, sala,3 quartos, circulação, banheiro, lavabo, cozinha, área de serviço, quarto e WC de empregada","PR4-3QP...2520 Prédio residencial, pilotis, 4 pavimentos tipo, sala, 3 quartos, circulação, banheiro, lavabo, cozinha, área de serviço, quarto e WC de empregada","PC.12-LA..8192 Prédio comercial, 12 pavimentos, lojas e salas autônomas","CB-MMO......31 Projeto-tipo cesta básica, materiais e mão-de-obra, sala, quarto, circulação, banheiro e cozinha","CP.1-2Q.....46 Casa popular, 1 pavimento, varanda, sala, 2 quartos, circulação, banheiro e cozinha","CR.1-3Q....104 Casa residencial, 1 pavimento, varanda, sala,3 quartos, circulação, banheiro, lavabo, cozinha, área de serviço, quarto e WC de empregada","PR4-3QP...2520 Prédio residencial, pilotis, 4 pavimentos tipo, sala, 3 quartos, circulação, banheiro, lavabo, cozinha, área de serviço, quarto e WC de empregada","PC.12-LA..8192 Prédio comercial, 12 pavimentos, lojas e salas autônomas","CB-MMO......31 Projeto-tipo cesta básica, materiais e mão-de-obra, sala, quarto, circulação, banheiro e cozinha","CP.1-2Q.....46 Casa popular, 1 pavimento, varanda, sala, 2 quartos, circulação, banheiro e cozinha","CR.1-3Q....104 Casa residencial, 1 pavimento, varanda, sala,3 quartos, circulação, banheiro, lavabo, cozinha, área de serviço, quarto e WC de empregada","PR4-3QP...2520 Prédio residencial, pilotis, 4 pavimentos tipo, sala, 3 quartos, circulação, banheiro, lavabo, cozinha, área de serviço, quarto e WC de empregada","PC.12-LA..8192 Prédio comercial, 12 pavimentos, lojas e salas autônomas","CB-MMO......31 Projeto-tipo cesta básica, materiais e mão-de-obra, sala, quarto, circulação, banheiro e cozinha"
"11","Rondônia","Alto","-","2183.21","1994.19","2036.84","-","-","2195.42","2013.01","2052.06","-","-","2224.89","2028.59","2079.47","-","-","2240.68","2043.33","2101.60","-","-","2249.87","2045.43","2106.92","-","-","2347.35","2114.54","2185.84","-","-","2348.71","2118.60","2192.94","-","-","2366.15","2126.00","2199.44","-","-","2381.49","2126.62","2202.02","-","-","2393.31","2135.35","2210.17","-","-","2393.16","2136.97","2219.51","-","-","2394.17","2136.05","2222.87","-"
"11","Rondônia","Normal","1844.36","1756.37","1555.77","1599.13","-","1849.13","1760.01","1566.31","1614.48","-","1855.81","1769.06","1570.58","1632.59","-","1860.22","1773.18","1572.28","1644.16","-","1866.14","1780.22","1572.11","1645.61","-","1951.04","1857.99","1638.26","1718.04","-","1961.70","1867.21","1647.88","1725.99","-","1973.52","1877.97","1653.21","1729.46","-","1984.43","1888.47","1654.73","1734.99","-","1993.23","1898.12","1661.98","1743.34","-","2005.34","1910.19","1668.19","1752.07","-","2008.58","1910.11","1665.05","1754.63","-"
"11","Rondônia","Baixo","1292.21","1223.71","1241.05","-","-","1300.31","1230.99","1250.88","-","-","1309.51","1240.34","1255.05","-","-","1312.30","1243.10","1255.18","-","-","1315.05","1246.54","1253.93","-","-","1383.89","1310.42","1314.69","-","-","1395.75","1321.55","1325.17","-","-","1401.98","1327.61","1325.58","-","-","1408.85","1334.00","1327.70","-","-","1415.35","1341.02","1337.07","-","-","1417.24","1343.01","1344.02","-","-","1416.11","1340.93","1342.84","-","-"
"11","Rondônia","Mínimo","1102.80","-","-","-","1036.31","1110.59","-","-","-","1042.28","1114.77","-","-","-","1045.38","1117.61","-","-","-","1047.83","1119.60","-","-","-","1046.31","1185.06","-","-","-","1116.38","1193.47","-","-","-","1122.46","1199.29","-","-","-","1126.80","1209.45","-","-","-","1135.46","1216.28","-","-","-","1140.71","1220.57","-","-","-","1144.33","1217.14","-","-","-","1136.11"
"12","Acre","Alto","-","2155.86","2028.23","2113.57","-","-","2167.22","2034.45","2132.97","-","-","2176.86","2039.52","2125.51","-","-","2174.08","2041.60","2130.99","-","-","2212.10","2062.72","2148.64","-","-","2219.01","2062.95","2168.39","-","-","2222.15","2063.74","2158.09","-","-","2236.26","2081.16","2167.64","-","-","2239.64","2083.58","2168.14","-","-","2250.99","2093.88","2185.76","-","-","2265.91","2122.04","2227.64","-","-","2276.60","2114.99","2222.50","-"
"12","Acre","Normal","1913.59","1826.83","1613.44","1672.37","-","1918.43","1828.66","1613.33","1684.57","-","1922.36","1831.95","1607.28","1664.65","-","1920.68","1831.00","1612.05","1671.40","-","1962.29","1870.28","1639.14","1698.62","-","1969.56","1875.50","1640.92","1711.33","-","1970.42","1876.51","1640.74","1706.66","-","1978.79","1884.10","1648.24","1712.45","-","1979.08","1884.48","1647.45","1712.77","-","1983.83","1889.50","1652.66","1725.87","-","1992.56","1896.10","1666.39","1750.09","-","2000.54","1906.07","1669.65","1756.13","-"
"12","Acre","Baixo","1384.21","1311.88","1309.57","-","-","1391.32","1317.58","1313.23","-","-","1385.48","1312.22","1299.67","-","-","1384.62","1311.89","1304.51","-","-","1420.57","1345.89","1329.41","-","-","1427.71","1351.63","1333.56","-","-","1431.20","1354.78","1333.11","-","-","1438.67","1362.31","1340.07","-","-","1439.68","1363.23","1340.22","-","-","1449.36","1372.95","1347.94","-","-","1455.58","1378.12","1358.30","-","-","1460.45","1383.51","1361.90","-","-"
"12","Acre","Mínimo","1180.47","-","-","-","1083.09","1190.88","-","-","-","1093.74","1190.92","-","-","-","1093.91","1189.74","-","-","-","1091.77","1219.46","-","-","-","1122.39","1227.69","-","-","-","1129.23","1226.15","-","-","-","1127.90","1232.89","-","-","-","1135.83","1234.03","-","-","-","1136.73","1243.66","-","-","-","1144.53","1250.88","-","-","-","1151.50","1252.54","-","-","-","1151.64"
"13","Amazonas","Alto","-","2133.21","1978.65","2043.05","-","-","2139.25","1988.57","2062.83","-","-","2137.97","2003.05","2093.21","-","-","2131.84","1998.26","2101.17","-","-","2130.27","1989.18","2087.05","-","-","2137.40","1991.93","2084.08","-","-","2141.95","2002.68","2089.09","-","-","2154.80","2021.30","2091.88","-","-","2159.85","2023.28","2090.78","-","-","2166.71","2027.03","2094.64","-","-","2166.55","2025.49","2098.21","-","-","2165.97","2020.50","2092.81","-"
"13","Amazonas","Normal","1879.29","1768.75","1577.29","1620.63","-","1877.92","1768.60","1582.59","1627.14","-","1874.83","1764.36","1592.20","1649.89","-","1874.81","1764.31","1593.13","1658.36","-","1873.17","1761.33","1583.67","1645.09","-","1875.22","1762.80","1583.85","1643.20","-","1878.09","1765.29","1586.18","1644.63","-","1889.07","1775.58","1592.29","1646.00","-","1892.08","1778.68","1593.84","1646.02","-","1896.12","1783.51","1596.04","1651.15","-","1897.46","1784.94","1595.11","1653.39","-","1896.88","1784.41","1590.11","1648.58","-"
"13","Amazonas","Baixo","1361.22","1277.83","1260.38","-","-","1356.96","1274.24","1260.14","-","-","1362.08","1278.83","1275.04","-","-","1353.72","1271.25","1276.19","-","-","1351.00","1267.88","1266.68","-","-","1362.06","1277.74","1265.30","-","-","1362.15","1278.01","1267.34","-","-","1379.66","1294.02","1271.17","-","-","1385.21","1299.29","1272.95","-","-","1394.25","1308.35","1277.32","-","-","1398.87","1312.90","1276.39","-","-","1395.47","1309.94","1271.70","-","-"
"13","Amazonas","Mínimo","1185.03","-","-","-","1085.55","1179.32","-","-","-","1079.79","1182.50","-","-","-","1078.58","1173.50","-","-","-","1070.61","1168.48","-","-","-","1066.12","1179.07","-","-","-","1076.63","1177.89","-","-","-","1076.00","1193.24","-","-","-","1094.31","1198.21","-","-","-","1098.68","1207.78","-","-","-","1106.78","1215.11","-","-","-","1114.04","1213.57","-","-","-","1113.58"
"14","Roraima","Alto","-","2113.29","2022.61","2084.00","-","-","2129.68","2016.21","2083.98","-","-","2148.48","2042.71","2107.68","-","-","2146.40","2039.75","2107.33","-","-","2147.33","2038.44","2101.29","-","-","2153.80","2044.26","2102.90","-","-","2157.04","2046.32","2110.73","-","-","2161.20","2048.12","2110.07","-","-","2172.59","2054.03","2118.18","-","-","2231.76","2100.51","2175.46","-","-","2235.69","2106.08","2189.79","-","-","2241.48","2140.80","2212.49","-"
"14","Roraima","Normal","1874.20","1786.52","1625.35","1657.36","-","1882.79","1793.26","1624.29","1661.32","-","1893.39","1802.50","1643.43","1684.04","-","1898.80","1807.61","1645.91","1683.29","-","1898.29","1806.97","1641.85","1676.44","-","1902.16","1811.39","1645.43","1681.27","-","1904.60","1813.60","1647.01","1685.30","-","1907.83","1816.86","1648.43","1685.83","-","1916.85","1826.10","1652.02","1694.37","-","1975.08","1883.84","1699.39","1749.64","-","1983.51","1891.44","1708.09","1761.92","-","1986.28","1892.58","1711.41","1768.82","-"
"14","Roraima","Baixo","1344.02","1271.02","1299.64","-","-","1346.71","1272.85","1298.70","-","-","1387.72","1313.43","1335.41","-","-","1393.39","1318.62","1336.25","-","-","1392.82","1318.13","1332.10","-","-","1399.34","1323.89","1337.18","-","-","1391.68","1317.17","1336.81","-","-","1394.90","1320.11","1335.97","-","-","1391.87","1317.91","1340.38","-","-","1436.77","1361.99","1385.23","-","-","1449.54","1372.41","1390.88","-","-","1456.71","1378.23","1394.46","-","-"
"14","Roraima","Mínimo","1154.79","-","-","-","1104.74","1159.32","-","-","-","1107.00","1199.53","-","-","-","1136.17","1205.33","-","-","-","1142.17","1204.09","-","-","-","1142.00","1211.73","-","-","-","1147.91","1203.27","-","-","-","1138.74","1205.49","-","-","-","1143.40","1202.47","-","-","-","1136.78","1242.06","-","-","-","1169.75","1252.19","-","-","-","1178.11","1257.69","-","-","-","1186.25"
"15","Pará","Alto","-","2027.68","1867.95","1919.36","-","-","2033.23","1861.32","1924.58","-","-","2037.19","1873.71","1921.02","-","-","2031.26","1871.82","1936.43","-","-","2041.57","1881.70","1961.41","-","-","2044.27","1879.16","1955.88","-","-","2051.61","1885.46","1956.85","-","-","2058.26","1899.60","1952.77","-","-","2066.41","1908.84","1965.47","-","-","2125.97","1950.38","2018.68","-","-","2125.05","1954.06","2021.43","-","-","2135.97","1961.48","2026.30","-"
"15","Pará","Normal","1789.14","1698.19","1487.85","1507.12","-","1789.40","1698.67","1486.78","1511.94","-","1791.39","1699.78","1487.61","1510.16","-","1792.75","1701.71","1488.82","1518.60","-","1800.62","1710.13","1496.12","1534.09","-","1801.44","1710.55","1495.12","1531.74","-","1805.40","1715.64","1498.31","1531.45","-","1808.42","1717.87","1508.98","1533.65","-","1813.71","1722.58","1515.73","1543.63","-","1872.30","1779.32","1556.20","1589.72","-","1874.34","1780.31","1559.45","1592.65","-","1885.86","1790.45","1566.41","1597.68","-"
"15","Pará","Baixo","1316.27","1245.13","1205.27","-","-","1319.01","1247.70","1205.77","-","-","1322.17","1250.22","1207.33","-","-","1324.31","1252.74","1210.02","-","-","1335.03","1263.38","1217.80","-","-","1334.09","1262.53","1216.51","-","-","1341.34","1269.56","1220.91","-","-","1343.56","1271.62","1229.10","-","-","1352.55","1279.98","1235.48","-","-","1395.30","1320.63","1271.26","-","-","1398.33","1322.63","1276.80","-","-","1403.70","1327.55","1283.38","-","-"
"15","Pará","Mínimo","1134.09","-","-","-","1052.87","1137.34","-","-","-","1055.62","1138.71","-","-","-","1056.76","1139.99","-","-","-","1057.38","1148.97","-","-","-","1066.61","1148.65","-","-","-","1065.35","1156.47","-","-","-","1071.38","1161.54","-","-","-","1075.53","1170.12","-","-","-","1082.93","1207.92","-","-","-","1121.97","1210.32","-","-","-","1122.98","1215.28","-","-","-","1125.67"
"16","Amapá","Alto","-","2108.43","1957.10","2045.57","-","-","2112.30","1950.08","2046.42","-","-","2122.96","1979.30","2085.14","-","-","2154.35","2009.22","2106.54","-","-","2158.09","2006.75","2101.65","-","-","2161.87","2010.05","2098.85","-","-","2167.95","2016.48","2088.69","-","-","2165.95","2013.91","2087.68","-","-","2177.25","2031.92","2111.27","-","-","2181.37","2023.69","2106.83","-","-","2191.97","2052.98","2143.49","-","-","2209.19","2077.33","2169.26","-"
"16","Amapá","Normal","1807.99","1724.10","1527.84","1609.10","-","1818.21","1734.61","1532.02","1613.04","-","1828.25","1742.09","1559.24","1651.24","-","1856.09","1768.85","1583.84","1669.47","-","1858.47","1770.67","1575.49","1661.31","-","1861.23","1773.81","1585.46","1663.28","-","1866.64","1779.63","1595.05","1665.65","-","1866.98","1779.56","1595.26","1666.12","-","1874.35","1785.97","1607.77","1688.53","-","1881.87","1792.64","1608.75","1688.38","-","1885.32","1797.17","1631.06","1711.93","-","1899.14","1807.49","1641.99","1728.35","-"
"16","Amapá","Baixo","1295.59","1230.11","1260.81","-","-","1301.58","1236.53","1265.92","-","-","1304.27","1238.38","1291.49","-","-","1325.25","1259.39","1310.80","-","-","1321.25","1255.95","1304.04","-","-","1319.68","1254.41","1311.20","-","-","1320.62","1255.35","1317.47","-","-","1321.75","1256.05","1318.71","-","-","1319.94","1255.16","1332.42","-","-","1326.88","1260.93","1332.13","-","-","1328.78","1264.08","1355.27","-","-","1341.04","1274.07","1364.23","-","-"
"16","Amapá","Mínimo","1116.07","-","-","-","1046.84","1123.45","-","-","-","1051.73","1125.19","-","-","-","1049.52","1147.43","-","-","-","1079.93","1144.74","-","-","-","1076.09","1143.21","-","-","-","1074.95","1141.15","-","-","-","1073.18","1140.72","-","-","-","1074.23","1140.36","-","-","-","1071.76","1146.95","-","-","-","1078.68","1150.85","-","-","-","1078.67","1166.14","-","-","-","1093.23"
"17","Tocantins","Alto","-","2076.76","1876.26","1889.29","-","-","2095.77","1887.31","1892.58","-","-","2102.95","1880.68","1899.10","-","-","2100.66","1882.09","1903.77","-","-","2097.76","1883.47","1885.32","-","-","2105.03","1888.62","1894.83","-","-","2125.82","1910.08","1911.92","-","-","2137.50","1922.70","1928.68","-","-","2143.42","1943.79","1954.47","-","-","2156.70","1952.02","1958.95","-","-","2156.62","1959.20","1970.04","-","-","2155.06","1968.53","1969.25","-"
"17","Tocantins","Normal","1847.66","1750.82","1524.76","1511.74","-","1860.88","1763.87","1532.25","1515.81","-","1865.48","1765.91","1520.41","1514.30","-","1868.52","1769.10","1525.39","1518.79","-","1865.50","1768.22","1529.04","1511.28","-","1869.02","1770.47","1530.24","1516.01","-","1889.02","1789.16","1548.15","1531.63","-","1900.04","1800.00","1559.85","1548.33","-","1903.72","1802.47","1564.96","1562.55","-","1912.42","1811.75","1571.67","1567.08","-","1908.29","1809.07","1578.53","1577.74","-","1903.75","1804.99","1575.82","1572.15","-"
"17","Tocantins","Baixo","1276.04","1205.59","1218.60","-","-","1288.94","1217.79","1226.97","-","-","1292.84","1220.89","1218.39","-","-","1291.15","1219.10","1220.77","-","-","1292.16","1221.18","1223.31","-","-","1288.53","1216.93","1221.25","-","-","1307.09","1234.50","1236.66","-","-","1313.67","1241.07","1248.89","-","-","1319.18","1246.15","1256.58","-","-","1327.72","1254.50","1261.00","-","-","1324.09","1252.07","1265.91","-","-","1323.62","1251.92","1263.34","-","-"
"17","Tocantins","Mínimo","1105.07","-","-","-","1025.35","1116.23","-","-","-","1032.71","1122.51","-","-","-","1037.95","1121.50","-","-","-","1035.94","1120.58","-","-","-","1036.32","1115.77","-","-","-","1031.75","1131.59","-","-","-","1048.21","1140.51","-","-","-","1054.79","1144.79","-","-","-","1057.45","1152.85","-","-","-","1064.59","1148.36","-","-","-","1060.46","1146.57","-","-","-","1061.06"
"21","Maranhão","Alto","-","1975.53","1763.47","1786.79","-","-","1992.18","1775.10","1792.21","-","-","1995.21","1776.25","1787.44","-","-","1991.91","1773.31","1789.58","-","-","2028.00","1803.22","1816.43","-","-","2026.61","1803.88","1827.57","-","-","2043.61","1814.84","1850.86","-","-","2049.13","1822.09","1857.44","-","-","2051.98","1829.42","1866.74","-","-","2060.21","1846.04","1878.98","-","-","2067.10","1850.85","1878.44","-","-","2077.01","1870.78","1897.89","-"
"21","Maranhão","Normal","1741.30","1651.90","1425.06","1455.79","-","1747.51","1657.31","1430.81","1460.28","-","1747.14","1658.72","1430.21","1456.44","-","1748.95","1659.69","1434.72","1459.08","-","1781.61","1691.41","1461.54","1484.40","-","1779.46","1689.03","1465.08","1490.28","-","1796.01","1707.02","1475.65","1506.05","-","1798.70","1710.26","1481.15","1512.22","-","1798.30","1709.44","1486.53","1521.47","-","1804.23","1715.26","1493.26","1529.82","-","1808.68","1719.82","1492.75","1526.98","-","1817.15","1728.55","1507.00","1543.59","-"
"21","Maranhão","Baixo","1261.24","1190.54","1166.14","-","-","1261.81","1191.11","1166.54","-","-","1259.78","1190.78","1166.91","-","-","1267.78","1197.05","1167.89","-","-","1289.62","1217.98","1191.51","-","-","1297.73","1225.77","1195.99","-","-","1306.67","1235.67","1208.56","-","-","1300.71","1230.83","1212.97","-","-","1308.43","1237.39","1217.69","-","-","1312.24","1241.54","1223.23","-","-","1314.71","1244.08","1222.07","-","-","1322.10","1251.51","1236.08","-","-"
"21","Maranhão","Mínimo","1077.85","-","-","-","996.97","1079.52","-","-","-","999.48","1077.53","-","-","-","998.87","1082.91","-","-","-","1004.05","1102.64","-","-","-","1026.79","1111.77","-","-","-","1033.12","1120.39","-","-","-","1041.72","1115.51","-","-","-","1036.73","1124.67","-","-","-","1046.01","1126.56","-","-","-","1051.70","1128.68","-","-","-","1052.62","1134.96","-","-","-","1058.09"
"22","Piauí","Alto","-","1934.32","1797.74","1819.99","-","-","1946.10","1808.44","1826.98","-","-","1965.78","1827.82","1847.94","-","-","1962.45","1813.14","1830.90","-","-","1960.73","1800.82","1821.21","-","-","1969.91","1803.40","1822.25","-","-","1979.61","1814.79","1832.19","-","-","1983.95","1827.30","1846.89","-","-","1993.88","1848.61","1850.38","-","-","1997.60","1854.23","1851.74","-","-","2005.70","1866.17","1875.65","-","-","2043.74","1886.47","1891.44","-"
"22","Piauí","Normal","1693.92","1615.87","1445.50","1446.71","-","1702.89","1623.43","1444.11","1448.22","-","1713.59","1633.58","1449.33","1459.50","-","1717.11","1635.45","1438.54","1441.47","-","1715.94","1632.97","1432.77","1436.08","-","1721.85","1638.18","1437.27","1438.74","-","1729.53","1646.21","1447.45","1448.97","-","1732.14","1648.17","1458.47","1463.34","-","1737.18","1652.07","1467.84","1470.01","-","1741.37","1656.83","1479.85","1480.54","-","1748.78","1663.37","1485.93","1491.14","-","1785.57","1696.57","1500.17","1506.78","-"
"22","Piauí","Baixo","1224.29","1158.63","1170.17","-","-","1228.19","1162.30","1168.16","-","-","1230.15","1164.59","1172.25","-","-","1227.47","1161.54","1162.99","-","-","1227.73","1160.78","1157.53","-","-","1228.19","1160.79","1156.40","-","-","1232.03","1164.54","1164.96","-","-","1234.59","1166.95","1175.26","-","-","1239.34","1171.28","1186.02","-","-","1244.95","1177.13","1201.29","-","-","1247.69","1179.66","1205.64","-","-","1274.10","1204.41","1218.25","-","-"
"22","Piauí","Mínimo","1046.02","-","-","-","987.65","1054.04","-","-","-","994.28","1058.32","-","-","-","997.47","1056.13","-","-","-","997.21","1056.35","-","-","-","995.69","1058.19","-","-","-","996.20","1063.68","-","-","-","999.51","1066.86","-","-","-","1003.79","1073.40","-","-","-","1009.45","1076.24","-","-","-","1012.45","1079.08","-","-","-","1013.89","1106.88","-","-","-","1037.90"
"23","Ceará","Alto","-","1934.28","1791.26","1893.43","-","-","1955.37","1803.15","1902.13","-","-","1965.56","1814.94","1896.71","-","-","1968.20","1813.15","1896.33","-","-","1970.04","1819.28","1916.08","-","-","1975.13","1820.04","1900.75","-","-","1991.10","1833.90","1916.09","-","-","2011.14","1854.69","1940.96","-","-","2022.73","1869.20","1983.17","-","-","2029.15","1870.86","1987.18","-","-","2032.93","1867.03","1982.21","-","-","2037.57","1863.40","2000.64","-"
"23","Ceará","Normal","1714.87","1626.86","1442.76","1473.92","-","1727.49","1639.22","1456.84","1486.22","-","1731.35","1643.26","1459.13","1487.48","-","1737.53","1648.75","1456.27","1479.80","-","1736.75","1648.89","1457.61","1489.61","-","1739.13","1651.13","1459.72","1483.95","-","1754.89","1664.15","1471.30","1499.07","-","1773.95","1683.15","1487.29","1516.24","-","1784.46","1692.97","1499.04","1544.46","-","1791.88","1699.62","1501.93","1549.83","-","1796.40","1703.13","1500.85","1546.19","-","1801.02","1708.04","1497.74","1555.28","-"
"23","Ceará","Baixo","1228.38","1160.54","1156.84","-","-","1234.55","1166.66","1167.25","-","-","1234.58","1166.68","1169.12","-","-","1238.26","1170.17","1164.22","-","-","1236.06","1168.85","1165.70","-","-","1239.78","1172.27","1168.53","-","-","1258.91","1189.14","1179.71","-","-","1270.00","1199.78","1193.30","-","-","1276.25","1206.43","1206.15","-","-","1276.26","1206.93","1210.05","-","-","1275.84","1206.18","1209.51","-","-","1289.94","1219.98","1208.37","-","-"
"23","Ceará","Mínimo","1069.86","-","-","-","983.04","1074.89","-","-","-","987.67","1070.78","-","-","-","985.59","1077.37","-","-","-","991.93","1073.83","-","-","-","990.59","1077.87","-","-","-","993.12","1094.57","-","-","-","1008.79","1103.89","-","-","-","1018.43","1111.07","-","-","-","1024.14","1109.28","-","-","-","1017.86","1109.05","-","-","-","1019.66","1124.80","-","-","-","1037.10"
"24","Rio Grande do Norte","Alto","-","1946.81","1718.52","1833.63","-","-","1962.02","1731.44","1840.04","-","-","1982.66","1755.07","1860.03","-","-","1981.08","1756.57","1866.12","-","-","1993.06","1764.63","1874.37","-","-","1998.40","1767.95","1899.85","-","-","2010.75","1773.96","1924.67","-","-","2011.26","1783.44","1932.74","-","-","2021.29","1793.26","1961.34","-","-","2020.82","1795.67","1938.73","-","-","2028.51","1799.81","1943.53","-","-","2025.03","1799.60","1944.41","-"
"24","Rio Grande do Norte","Normal","1714.83","1629.99","1369.38","1445.42","-","1723.37","1638.09","1377.86","1451.19","-","1740.10","1653.12","1395.03","1469.98","-","1741.55","1655.07","1398.62","1475.19","-","1750.23","1662.38","1403.16","1482.32","-","1751.26","1663.69","1401.98","1495.49","-","1759.84","1672.61","1404.14","1506.62","-","1761.51","1674.53","1414.77","1513.72","-","1767.16","1680.05","1419.80","1530.87","-","1767.19","1680.21","1424.78","1522.91","-","1776.89","1687.77","1428.71","1527.23","-","1776.20","1687.08","1430.49","1528.28","-"
"24","Rio Grande do Norte","Baixo","1215.62","1151.12","1117.74","-","-","1227.26","1161.94","1124.82","-","-","1238.73","1172.34","1140.25","-","-","1240.08","1173.82","1143.24","-","-","1247.10","1179.74","1146.80","-","-","1247.44","1180.33","1146.34","-","-","1253.65","1187.06","1147.61","-","-","1254.16","1187.85","1158.11","-","-","1261.08","1194.17","1165.11","-","-","1265.47","1198.29","1170.98","-","-","1270.38","1202.29","1175.16","-","-","1262.12","1194.90","1177.52","-","-"
"24","Rio Grande do Norte","Mínimo","1054.40","-","-","-","964.01","1064.69","-","-","-","975.73","1073.45","-","-","-","982.25","1074.26","-","-","-","985.00","1081.08","-","-","-","992.56","1081.24","-","-","-","990.08","1086.17","-","-","-","993.71","1085.75","-","-","-","991.66","1093.19","-","-","-","997.44","1097.89","-","-","-","999.89","1102.18","-","-","-","1004.00","1094.91","-","-","-","997.75"
"25","Paraíba","Alto","-","1913.58","1771.97","1810.87","-","-","1926.94","1781.80","1818.85","-","-","1930.31","1787.00","1821.95","-","-","1935.59","1790.96","1828.63","-","-","1936.94","1800.70","1832.39","-","-","1957.75","1813.25","1841.96","-","-","1978.33","1816.28","1844.42","-","-","1978.39","1823.54","1854.39","-","-","1984.04","1831.51","1865.39","-","-","1999.66","1847.30","1879.17","-","-","2013.47","1859.49","1875.85","-","-","2015.59","1861.30","1879.00","-"
"25","Paraíba","Normal","1693.90","1605.18","1430.83","1419.20","-","1699.87","1611.16","1435.08","1425.79","-","1699.16","1611.30","1437.73","1430.21","-","1709.24","1622.43","1446.84","1436.65","-","1709.60","1621.16","1440.31","1433.02","-","1722.69","1633.88","1447.82","1442.54","-","1737.18","1647.38","1446.28","1442.72","-","1736.98","1647.19","1454.09","1453.22","-","1743.72","1652.23","1462.63","1464.16","-","1758.06","1667.19","1478.12","1477.63","-","1767.14","1676.46","1479.04","1472.53","-","1769.61","1678.34","1480.45","1475.64","-"
"25","Paraíba","Baixo","1217.14","1152.04","1137.47","-","-","1224.26","1159.05","1142.85","-","-","1218.16","1153.77","1147.69","-","-","1222.41","1158.28","1152.01","-","-","1215.04","1150.77","1148.24","-","-","1227.63","1162.92","1156.27","-","-","1233.21","1168.18","1153.77","-","-","1233.53","1168.37","1160.32","-","-","1240.07","1173.82","1164.89","-","-","1252.53","1186.62","1177.19","-","-","1259.86","1193.91","1178.88","-","-","1264.10","1197.31","1179.97","-","-"
"25","Paraíba","Mínimo","1048.33","-","-","-","983.45","1055.79","-","-","-","988.97","1048.95","-","-","-","981.12","1047.33","-","-","-","979.20","1041.76","-","-","-","973.91","1056.40","-","-","-","987.15","1062.27","-","-","-","987.59","1061.94","-","-","-","986.80","1070.49","-","-","-","993.91","1080.67","-","-","-","1003.29","1085.93","-","-","-","1009.19","1090.41","-","-","-","1014.00"
"26","Pernambuco","Alto","-","2017.27","1806.99","1858.67","-","-","2011.36","1806.93","1858.56","-","-","2010.47","1809.94","1862.54","-","-","2012.31","1801.38","1849.01","-","-","2012.30","1800.56","1845.37","-","-","2021.48","1827.66","1854.64","-","-","2039.98","1838.75","1852.03","-","-","2044.05","1843.33","1857.02","-","-","2056.26","1855.87","1867.36","-","-","2067.03","1855.87","1862.07","-","-","2072.54","1862.79","1862.23","-","-","2064.09","1864.91","1862.29","-"
"26","Pernambuco","Normal","1791.58","1703.14","1458.27","1469.56","-","1786.69","1698.36","1458.33","1470.21","-","1783.13","1694.36","1458.73","1474.60","-","1787.06","1697.34","1451.66","1462.16","-","1783.75","1694.76","1448.41","1456.86","-","1788.56","1698.94","1456.45","1461.86","-","1798.54","1709.37","1460.12","1464.24","-","1803.72","1714.66","1466.01","1468.89","-","1811.88","1723.42","1477.12","1483.97","-","1820.72","1732.12","1481.95","1484.45","-","1828.16","1738.66","1484.23","1485.45","-","1821.55","1730.53","1486.29","1488.20","-"
"26","Pernambuco","Baixo","1261.98","1192.75","1173.08","-","-","1259.85","1190.48","1173.75","-","-","1254.55","1185.72","1175.94","-","-","1260.58","1190.61","1169.30","-","-","1260.61","1190.67","1164.82","-","-","1267.62","1196.32","1171.66","-","-","1269.41","1198.91","1173.33","-","-","1272.59","1202.16","1177.07","-","-","1273.45","1203.22","1187.64","-","-","1275.99","1206.12","1189.52","-","-","1281.15","1210.53","1193.36","-","-","1281.59","1210.33","1197.17","-","-"
"26","Pernambuco","Mínimo","1082.08","-","-","-","996.39","1077.53","-","-","-","992.95","1072.14","-","-","-","989.30","1074.80","-","-","-","994.67","1074.51","-","-","-","997.83","1079.94","-","-","-","1005.07","1083.58","-","-","-","1014.75","1084.70","-","-","-","1015.90","1086.58","-","-","-","1019.34","1093.84","-","-","-","1026.85","1094.52","-","-","-","1029.68","1094.70","-","-","-","1027.85"
"27","Alagoas","Alto","-","1882.86","1775.47","1760.46","-","-","1894.80","1780.37","1760.14","-","-","1896.19","1789.76","1769.35","-","-","1888.96","1784.24","1767.07","-","-","1890.56","1786.11","1768.86","-","-","1891.65","1795.39","1776.47","-","-","1903.64","1805.61","1795.60","-","-","1904.38","1807.79","1799.76","-","-","1915.39","1812.32","1790.46","-","-","1914.77","1815.65","1790.13","-","-","1911.86","1842.75","1834.08","-","-","1917.77","1848.21","1850.36","-"
"27","Alagoas","Normal","1661.89","1575.69","1424.83","1412.05","-","1665.98","1579.91","1425.40","1412.44","-","1664.90","1576.60","1430.13","1422.19","-","1663.81","1574.87","1428.59","1420.72","-","1665.11","1575.96","1429.83","1421.79","-","1660.54","1572.45","1435.48","1428.31","-","1671.05","1582.75","1444.66","1443.74","-","1672.37","1583.24","1447.18","1448.46","-","1679.94","1590.62","1450.65","1445.30","-","1678.30","1590.59","1457.55","1447.67","-","1671.98","1585.87","1481.93","1483.78","-","1678.65","1589.86","1483.72","1495.79","-"
"27","Alagoas","Baixo","1214.07","1143.19","1152.93","-","-","1214.34","1143.89","1153.26","-","-","1213.91","1142.60","1159.74","-","-","1215.84","1143.97","1158.62","-","-","1214.82","1143.08","1157.94","-","-","1215.27","1144.00","1162.63","-","-","1217.18","1146.24","1171.50","-","-","1214.21","1143.17","1173.31","-","-","1211.82","1141.35","1174.59","-","-","1223.13","1152.27","1181.78","-","-","1227.30","1157.01","1205.11","-","-","1230.96","1158.88","1206.30","-","-"
"27","Alagoas","Mínimo","1039.22","-","-","-","973.13","1040.06","-","-","-","972.42","1041.22","-","-","-","973.33","1042.98","-","-","-","974.80","1041.41","-","-","-","977.03","1040.91","-","-","-","975.03","1045.76","-","-","-","977.11","1041.21","-","-","-","973.59","1040.85","-","-","-","971.48","1050.58","-","-","-","984.04","1051.20","-","-","-","988.00","1054.80","-","-","-","987.95"
"28","Sergipe","Alto","-","1852.95","1701.92","1722.64","-","-","1862.72","1706.13","1728.68","-","-","1885.50","1712.32","1733.24","-","-","1871.84","1703.94","1724.95","-","-","1859.59","1711.90","1723.10","-","-","1884.24","1734.58","1756.19","-","-","1885.66","1743.55","1764.59","-","-","1886.38","1744.23","1767.86","-","-","1895.69","1751.71","1767.37","-","-","1906.14","1763.44","1779.64","-","-","1904.77","1763.11","1782.90","-","-","1904.77","1764.17","1787.16","-"
"28","Sergipe","Normal","1638.31","1558.02","1389.82","1380.48","-","1642.65","1561.79","1395.34","1389.26","-","1665.78","1580.61","1392.82","1389.86","-","1658.73","1575.55","1390.29","1383.95","-","1642.80","1562.15","1397.56","1385.41","-","1661.04","1581.65","1417.23","1412.13","-","1663.42","1582.81","1424.79","1420.65","-","1664.55","1584.27","1425.36","1423.47","-","1669.59","1588.67","1429.67","1423.32","-","1679.84","1597.38","1439.86","1435.90","-","1678.74","1597.88","1440.32","1438.47","-","1681.48","1599.11","1442.43","1442.43","-"
"28","Sergipe","Baixo","1176.35","1112.36","1117.93","-","-","1174.41","1110.53","1122.33","-","-","1179.32","1114.45","1120.54","-","-","1181.44","1116.70","1118.27","-","-","1173.16","1109.66","1121.24","-","-","1189.13","1125.51","1137.10","-","-","1188.87","1124.44","1143.30","-","-","1191.22","1126.94","1144.19","-","-","1198.82","1133.47","1147.80","-","-","1207.36","1141.20","1158.80","-","-","1211.17","1145.17","1158.63","-","-","1215.04","1148.23","1160.98","-","-"
"28","Sergipe","Mínimo","1018.67","-","-","-","938.91","1013.88","-","-","-","932.47","1024.24","-","-","-","934.50","1024.78","-","-","-","937.11","1016.22","-","-","-","934.21","1030.35","-","-","-","946.28","1029.66","-","-","-","946.45","1029.30","-","-","-","945.59","1036.58","-","-","-","953.27","1044.29","-","-","-","960.30","1046.97","-","-","-","964.17","1051.63","-","-","-","967.30"
"29","Bahia","Alto","-","1960.55","1776.32","1784.61","-","-","1954.63","1767.94","1775.78","-","-","1957.18","1767.43","1770.56","-","-","1988.38","1795.25","1797.09","-","-","1986.45","1797.91","1806.42","-","-","1994.84","1803.96","1818.67","-","-","2001.62","1814.70","1825.09","-","-","2000.69","1817.28","1823.53","-","-","2008.71","1831.61","1842.59","-","-","2018.19","1838.79","1861.43","-","-","2017.38","1842.01","1869.12","-","-","2019.43","1839.05","1878.04","-"
"29","Bahia","Normal","1747.81","1654.82","1457.85","1438.18","-","1744.33","1651.23","1452.00","1433.05","-","1740.81","1647.02","1450.72","1430.19","-","1769.24","1675.10","1472.03","1454.64","-","1766.07","1670.91","1472.83","1461.19","-","1771.98","1677.26","1475.54","1466.46","-","1776.67","1681.25","1484.42","1476.60","-","1775.26","1680.22","1488.59","1476.72","-","1780.18","1685.78","1498.94","1489.54","-","1789.03","1693.18","1504.41","1501.08","-","1788.47","1693.89","1509.46","1509.73","-","1789.64","1694.73","1505.04","1510.59","-"
"29","Bahia","Baixo","1245.17","1174.22","1178.16","-","-","1236.97","1166.36","1172.09","-","-","1235.79","1164.84","1168.33","-","-","1257.97","1185.88","1186.87","-","-","1252.43","1180.08","1187.76","-","-","1258.18","1185.92","1189.97","-","-","1262.53","1189.88","1199.78","-","-","1264.91","1192.41","1201.42","-","-","1269.07","1197.15","1211.01","-","-","1277.65","1204.89","1215.82","-","-","1277.09","1204.68","1222.34","-","-","1278.58","1205.99","1217.29","-","-"
"29","Bahia","Mínimo","1083.25","-","-","-","1005.50","1073.67","-","-","-","1000.10","1071.68","-","-","-","1001.52","1091.48","-","-","-","1022.94","1088.35","-","-","-","1018.33","1094.33","-","-","-","1022.80","1096.49","-","-","-","1028.80","1096.57","-","-","-","1029.27","1101.47","-","-","-","1033.58","1107.88","-","-","-","1038.49","1108.55","-","-","-","1041.23","1110.53","-","-","-","1041.87"
"31","Minas Gerais","Alto","-","2081.76","1820.87","1822.08","-","-","2090.42","1823.98","1827.14","-","-","2108.08","1830.18","1827.41","-","-","2133.93","1862.77","1857.22","-","-","2134.03","1860.52","1856.21","-","-","2142.20","1871.52","1858.76","-","-","2139.28","1875.33","1852.11","-","-","2138.17","1881.15","1849.04","-","-","2147.05","1886.23","1861.74","-","-","2157.32","1905.86","1887.37","-","-","2179.69","1914.04","1892.35","-","-","2185.44","1913.71","1890.34","-"
"31","Minas Gerais","Normal","1862.75","1756.79","1467.96","1463.39","-","1872.85","1765.68","1471.37","1468.26","-","1882.85","1773.42","1471.39","1466.92","-","1906.90","1797.09","1499.63","1492.00","-","1907.04","1798.37","1498.64","1490.86","-","1912.69","1803.30","1501.83","1490.60","-","1905.44","1796.25","1506.79","1491.15","-","1902.61","1793.33","1508.86","1491.10","-","1912.85","1803.36","1519.20","1505.80","-","1922.40","1810.92","1526.39","1516.48","-","1942.15","1829.86","1533.38","1520.45","-","1944.80","1832.40","1533.76","1524.14","-"
"31","Minas Gerais","Baixo","1275.22","1202.13","1181.93","-","-","1280.37","1206.72","1185.32","-","-","1279.17","1205.56","1182.42","-","-","1304.14","1229.28","1206.46","-","-","1306.62","1231.48","1204.99","-","-","1307.68","1232.51","1205.67","-","-","1307.08","1232.23","1211.03","-","-","1303.87","1229.08","1213.98","-","-","1309.45","1233.98","1223.68","-","-","1314.89","1238.90","1228.22","-","-","1317.69","1241.32","1234.25","-","-","1320.02","1243.49","1237.22","-","-"
"31","Minas Gerais","Mínimo","1105.56","-","-","-","1007.42","1110.49","-","-","-","1009.60","1110.19","-","-","-","1008.45","1132.04","-","-","-","1030.39","1131.93","-","-","-","1030.15","1133.24","-","-","-","1031.09","1132.11","-","-","-","1029.64","1128.94","-","-","-","1027.98","1132.62","-","-","-","1030.82","1135.68","-","-","-","1033.31","1139.26","-","-","-","1038.63","1141.55","-","-","-","1040.71"
"32","Espírito Santo","Alto","-","1971.54","1828.16","1882.99","-","-","1978.40","1839.32","1887.24","-","-","1979.52","1839.92","1883.13","-","-","1977.41","1838.07","1889.70","-","-","1994.66","1847.75","1892.67","-","-","2008.14","1859.27","1908.17","-","-","2012.46","1864.46","1918.08","-","-","2019.61","1865.92","1933.68","-","-","2021.20","1867.27","1902.93","-","-","2040.36","1877.62","1921.32","-","-","2050.05","1881.44","1936.91","-","-","2046.89","1879.75","1922.74","-"
"32","Espírito Santo","Normal","1733.69","1642.92","1490.08","1526.49","-","1732.41","1642.25","1490.60","1527.49","-","1729.93","1639.84","1488.43","1524.38","-","1739.95","1647.16","1494.16","1530.42","-","1753.91","1659.95","1500.89","1531.62","-","1758.59","1663.10","1503.74","1537.08","-","1760.82","1666.02","1507.56","1540.66","-","1769.86","1671.38","1512.09","1549.47","-","1773.09","1675.18","1518.07","1537.47","-","1789.38","1689.23","1524.57","1550.68","-","1801.06","1701.31","1534.87","1567.81","-","1798.91","1699.12","1535.42","1562.81","-"
"32","Espírito Santo","Baixo","1230.13","1161.43","1199.19","-","-","1230.23","1162.17","1200.85","-","-","1229.58","1161.69","1199.62","-","-","1244.11","1174.14","1205.11","-","-","1252.37","1181.72","1208.21","-","-","1255.66","1184.55","1211.23","-","-","1257.47","1186.60","1213.19","-","-","1266.94","1193.60","1217.98","-","-","1267.95","1194.74","1220.84","-","-","1282.79","1208.10","1230.34","-","-","1291.70","1217.47","1242.50","-","-","1291.15","1216.93","1243.81","-","-"
"32","Espírito Santo","Mínimo","1047.42","-","-","-","971.79","1047.43","-","-","-","970.94","1048.32","-","-","-","970.66","1061.84","-","-","-","979.37","1069.95","-","-","-","987.48","1073.28","-","-","-","992.10","1074.88","-","-","-","991.53","1083.08","-","-","-","996.03","1083.43","-","-","-","997.47","1096.59","-","-","-","1007.99","1104.77","-","-","-","1015.00","1102.54","-","-","-","1014.07"
"33","Rio de Janeiro","Alto","-","2346.86","2039.69","2077.10","-","-","2366.12","2045.74","2095.20","-","-","2369.26","2058.98","2094.91","-","-","2367.86","2058.61","2087.99","-","-","2372.84","2062.24","2095.39","-","-","2388.27","2063.27","2113.16","-","-","2408.14","2096.28","2145.53","-","-","2410.13","2099.78","2161.36","-","-","2419.38","2107.50","2182.81","-","-","2423.29","2114.39","2183.84","-","-","2422.22","2119.14","2170.72","-","-","2422.19","2117.56","2171.69","-"
"33","Rio de Janeiro","Normal","2112.52","1998.73","1649.71","1664.10","-","2125.59","2010.95","1654.98","1677.70","-","2129.69","2016.60","1665.71","1681.55","-","2131.60","2018.81","1667.69","1675.06","-","2132.28","2019.07","1666.71","1678.25","-","2144.55","2029.86","1671.20","1691.19","-","2160.22","2047.09","1702.64","1721.78","-","2162.40","2049.38","1706.88","1731.17","-","2171.06","2057.41","1713.15","1746.75","-","2173.09","2059.13","1718.55","1748.84","-","2167.62","2054.91","1722.11","1745.40","-","2168.08","2057.01","1726.65","1748.72","-"
"33","Rio de Janeiro","Baixo","1459.16","1374.98","1334.44","-","-","1471.13","1385.84","1340.78","-","-","1474.09","1389.87","1350.01","-","-","1473.73","1389.44","1352.09","-","-","1471.98","1387.62","1349.86","-","-","1479.08","1394.09","1355.44","-","-","1500.11","1415.60","1383.30","-","-","1499.90","1416.09","1387.24","-","-","1507.55","1423.05","1393.58","-","-","1514.38","1429.30","1398.20","-","-","1510.54","1426.09","1401.28","-","-","1511.27","1427.44","1404.46","-","-"
"33","Rio de Janeiro","Mínimo","1259.16","-","-","-","1171.52","1272.53","-","-","-","1180.89","1273.20","-","-","-","1186.49","1275.12","-","-","-","1187.38","1273.63","-","-","-","1187.38","1278.43","-","-","-","1189.72","1296.92","-","-","-","1217.43","1297.46","-","-","-","1218.33","1303.13","-","-","-","1221.95","1308.09","-","-","-","1227.19","1308.01","-","-","-","1232.93","1307.48","-","-","-","1232.28"
"35","São Paulo","Alto","-","2229.46","1949.03","1941.44","-","-","2231.26","1941.13","1937.83","-","-","2231.46","1940.41","1938.71","-","-","2237.43","1946.68","1949.71","-","-","2244.39","1954.04","1952.61","-","-","2266.71","1967.30","1985.86","-","-","2278.30","1978.85","2005.72","-","-","2275.12","1994.70","2033.39","-","-","2273.64","1992.71","2034.44","-","-","2289.00","2000.11","2055.49","-","-","2303.51","2004.92","2066.10","-","-","2313.09","2013.05","2072.91","-"
"35","São Paulo","Normal","1963.22","1856.94","1569.79","1554.14","-","1966.47","1860.59","1567.28","1553.43","-","1966.34","1861.20","1568.57","1554.15","-","1972.21","1865.74","1571.72","1559.45","-","1977.65","1870.36","1572.15","1558.66","-","1997.12","1889.33","1594.92","1584.32","-","2001.84","1892.81","1596.83","1593.57","-","2020.92","1909.96","1612.56","1611.80","-","2023.57","1911.39","1616.22","1617.79","-","2037.73","1924.66","1623.62","1633.23","-","2044.67","1932.63","1625.84","1638.89","-","2049.67","1936.70","1630.87","1647.06","-"
"35","São Paulo","Baixo","1383.07","1302.02","1268.10","-","-","1385.47","1304.49","1267.80","-","-","1383.84","1303.47","1267.98","-","-","1385.57","1304.84","1267.32","-","-","1383.10","1302.69","1267.58","-","-","1404.69","1323.71","1287.39","-","-","1405.05","1323.98","1287.33","-","-","1416.60","1334.27","1299.50","-","-","1429.38","1345.37","1309.31","-","-","1438.03","1353.61","1315.40","-","-","1438.21","1353.62","1314.10","-","-","1443.08","1357.28","1317.91","-","-"
"35","São Paulo","Mínimo","1183.21","-","-","-","1109.49","1185.79","-","-","-","1110.01","1184.45","-","-","-","1108.89","1185.55","-","-","-","1109.12","1183.05","-","-","-","1106.42","1202.44","-","-","-","1129.02","1205.74","-","-","-","1131.75","1215.58","-","-","-","1139.65","1227.86","-","-","-","1150.73","1236.08","-","-","-","1160.20","1243.73","-","-","-","1167.82","1247.26","-","-","-","1171.71"
"41","Paraná","Alto","-","2260.72","2022.54","1986.55","-","-","2258.72","2023.13","1992.22","-","-","2259.30","2017.92","1988.08","-","-","2258.20","2018.91","1970.92","-","-","2264.26","2039.20","1972.34","-","-","2282.19","2046.26","1984.93","-","-","2277.46","2045.43","1993.50","-","-","2355.80","2114.27","2062.90","-","-","2357.91","2114.49","2062.81","-","-","2360.58","2131.68","2079.83","-","-","2370.24","2138.15","2083.27","-","-","2361.21","2123.61","2084.46","-"
"41","Paraná","Normal","2004.36","1900.61","1623.98","1580.42","-","2009.30","1902.99","1629.40","1584.81","-","2006.94","1900.69","1625.28","1583.37","-","2008.48","1903.14","1626.65","1571.20","-","2005.85","1900.39","1631.55","1574.70","-","2016.26","1912.28","1641.49","1583.66","-","2017.02","1913.87","1643.33","1585.74","-","2074.69","1968.46","1689.02","1639.41","-","2075.71","1970.35","1697.27","1644.43","-","2078.64","1973.42","1706.88","1658.58","-","2089.56","1982.30","1712.55","1661.84","-","2103.65","1994.59","1713.85","1664.58","-"
"41","Paraná","Baixo","1384.03","1308.35","1289.20","-","-","1384.13","1307.63","1291.94","-","-","1385.03","1308.48","1290.71","-","-","1377.36","1302.12","1287.09","-","-","1380.27","1304.20","1291.77","-","-","1385.90","1310.82","1300.39","-","-","1386.25","1311.54","1301.05","-","-","1429.65","1352.67","1342.02","-","-","1429.17","1352.61","1352.33","-","-","1441.43","1363.91","1366.32","-","-","1450.61","1371.74","1370.94","-","-","1456.92","1377.23","1372.07","-","-"
"41","Paraná","Mínimo","1200.51","-","-","-","1126.28","1199.91","-","-","-","1123.61","1199.56","-","-","-","1121.80","1192.91","-","-","-","1118.50","1194.89","-","-","-","1120.03","1200.24","-","-","-","1122.73","1197.87","-","-","-","1120.05","1238.17","-","-","-","1160.55","1237.61","-","-","-","1155.25","1244.84","-","-","-","1162.29","1251.88","-","-","-","1167.17","1260.95","-","-","-","1173.15"
"42","Santa Catarina","Alto","-","2525.57","2101.45","2061.04","-","-","2517.75","2110.21","2064.01","-","-","2545.01","2115.71","2064.19","-","-","2539.14","2114.15","2067.06","-","-","2537.15","2112.00","2063.37","-","-","2554.46","2133.15","2082.29","-","-","2538.42","2144.32","2096.98","-","-","2551.99","2154.72","2106.39","-","-","2552.54","2161.74","2110.21","-","-","2559.42","2172.08","2122.52","-","-","2558.60","2181.76","2130.06","-","-","2559.76","2182.60","2131.08","-"
"42","Santa Catarina","Normal","2254.26","2123.18","1700.85","1669.58","-","2239.57","2112.07","1704.77","1670.43","-","2258.04","2129.72","1705.76","1671.96","-","2259.49","2130.37","1707.94","1674.21","-","2253.60","2124.88","1703.54","1670.96","-","2266.17","2133.69","1711.78","1680.79","-","2253.04","2120.88","1722.18","1695.64","-","2268.81","2132.84","1729.94","1703.07","-","2265.48","2130.56","1735.41","1708.02","-","2271.26","2135.01","1744.02","1720.84","-","2271.06","2135.14","1753.55","1727.28","-","2272.40","2135.64","1755.90","1729.24","-"
"42","Santa Catarina","Baixo","1543.53","1450.67","1373.08","-","-","1540.23","1448.82","1374.90","-","-","1546.35","1454.80","1375.67","-","-","1550.16","1458.01","1377.08","-","-","1541.85","1450.52","1373.18","-","-","1549.84","1457.01","1380.18","-","-","1551.42","1458.12","1393.00","-","-","1562.87","1467.20","1397.91","-","-","1561.40","1466.17","1405.03","-","-","1572.40","1476.49","1415.11","-","-","1569.84","1474.25","1419.74","-","-","1569.94","1474.23","1421.94","-","-"
"42","Santa Catarina","Mínimo","1358.18","-","-","-","1223.75","1353.46","-","-","-","1225.42","1362.94","-","-","-","1226.85","1364.76","-","-","-","1228.83","1358.81","-","-","-","1223.11","1367.98","-","-","-","1228.76","1369.45","-","-","-","1241.13","1379.46","-","-","-","1247.87","1378.95","-","-","-","1247.90","1388.91","-","-","-","1260.04","1384.80","-","-","-","1256.07","1383.73","-","-","-","1255.48"
"43","Rio Grande do Sul","Alto","-","2097.13","1905.31","1853.25","-","-","2090.93","1903.23","1851.05","-","-","2100.01","1909.19","1845.07","-","-","2094.55","1905.56","1843.82","-","-","2095.23","1901.41","1841.25","-","-","2109.90","1918.24","1855.56","-","-","2127.36","1918.24","1853.23","-","-","2157.01","1944.69","1879.51","-","-","2164.28","1945.59","1874.85","-","-","2169.39","1953.32","1886.04","-","-","2165.49","1956.02","1890.71","-","-","2190.98","1956.66","1888.43","-"
"43","Rio Grande do Sul","Normal","1851.61","1749.99","1536.15","1494.18","-","1849.24","1747.44","1536.82","1492.30","-","1848.52","1748.95","1538.22","1493.72","-","1849.07","1748.02","1537.58","1492.81","-","1848.75","1747.73","1537.89","1492.73","-","1852.67","1752.28","1546.98","1504.83","-","1857.91","1757.22","1546.24","1502.70","-","1885.65","1784.54","1569.33","1525.61","-","1890.45","1787.94","1567.51","1520.14","-","1907.20","1803.12","1574.69","1532.43","-","1895.69","1792.34","1576.71","1537.11","-","1915.24","1810.37","1577.35","1539.31","-"
"43","Rio Grande do Sul","Baixo","1254.67","1179.74","1203.81","-","-","1255.88","1180.32","1203.45","-","-","1275.95","1200.29","1214.63","-","-","1274.53","1198.27","1213.65","-","-","1273.50","1197.22","1213.47","-","-","1278.01","1201.67","1222.34","-","-","1278.35","1202.31","1221.84","-","-","1303.12","1226.73","1242.94","-","-","1306.76","1229.65","1242.68","-","-","1313.87","1236.29","1250.39","-","-","1311.07","1233.33","1253.09","-","-","1319.45","1241.07","1256.48","-","-"
"43","Rio Grande do Sul","Mínimo","1075.10","-","-","-","1026.07","1075.77","-","-","-","1025.64","1093.18","-","-","-","1038.63","1091.08","-","-","-","1035.85","1091.01","-","-","-","1035.47","1095.34","-","-","-","1039.39","1095.73","-","-","-","1039.86","1116.73","-","-","-","1062.45","1120.84","-","-","-","1065.10","1125.70","-","-","-","1067.49","1124.67","-","-","-","1065.65","1134.30","-","-","-","1068.12"
"50","Mato Grosso do Sul","Alto","-","2016.63","1851.91","1843.18","-","-","2012.05","1844.93","1841.15","-","-","2009.25","1843.29","1822.44","-","-","2001.20","1841.11","1845.75","-","-","2003.60","1842.87","1843.93","-","-","2043.33","1878.09","1880.06","-","-","2049.80","1885.82","1886.04","-","-","2055.05","1894.60","1892.18","-","-","2064.25","1903.32","1900.92","-","-","2063.47","1910.83","1900.76","-","-","2060.68","1906.10","1897.78","-","-","2060.39","1910.40","1906.68","-"
"50","Mato Grosso do Sul","Normal","1727.02","1632.55","1420.38","1448.34","-","1722.73","1628.96","1417.30","1450.81","-","1714.36","1620.35","1412.02","1438.96","-","1714.29","1619.47","1415.43","1451.50","-","1717.94","1621.61","1415.63","1449.94","-","1754.10","1656.35","1447.59","1482.84","-","1760.24","1662.89","1456.16","1489.64","-","1763.87","1666.92","1459.29","1493.99","-","1767.75","1670.10","1464.02","1501.09","-","1764.08","1667.84","1471.75","1507.28","-","1761.30","1664.23","1465.14","1499.69","-","1761.98","1664.44","1469.60","1505.64","-"
"50","Mato Grosso do Sul","Baixo","1197.82","1127.77","1128.75","-","-","1197.89","1127.93","1129.84","-","-","1194.91","1124.25","1123.74","-","-","1196.04","1125.22","1128.26","-","-","1198.92","1127.12","1129.62","-","-","1227.19","1153.84","1157.66","-","-","1231.12","1158.17","1163.11","-","-","1234.97","1162.08","1167.09","-","-","1240.00","1165.85","1170.24","-","-","1242.73","1168.84","1179.30","-","-","1239.88","1165.56","1173.00","-","-","1240.92","1166.33","1176.37","-","-"
"50","Mato Grosso do Sul","Mínimo","1028.61","-","-","-","949.00","1028.75","-","-","-","949.97","1027.82","-","-","-","948.23","1028.12","-","-","-","946.86","1032.37","-","-","-","948.78","1058.08","-","-","-","975.30","1060.60","-","-","-","977.55","1063.28","-","-","-","980.15","1066.50","-","-","-","982.65","1068.59","-","-","-","985.78","1068.47","-","-","-","987.01","1068.48","-","-","-","988.28"
"51","Mato Grosso","Alto","-","2118.93","1951.49","1911.41","-","-","2130.45","1961.67","1930.11","-","-","2140.04","1968.94","1934.53","-","-","2136.83","1972.77","1942.03","-","-","2139.86","1969.69","1932.58","-","-","2146.63","1974.14","1930.55","-","-","2148.01","1976.55","1935.12","-","-","2154.32","1979.61","1934.24","-","-","2168.16","1992.18","1943.95","-","-","2167.94","1994.29","1948.31","-","-","2190.96","1993.25","1945.31","-","-","2195.80","1998.59","1954.19","-"
"51","Mato Grosso","Normal","1861.75","1765.64","1540.45","1525.57","-","1876.59","1779.77","1551.17","1541.45","-","1883.16","1784.22","1555.36","1545.74","-","1883.91","1786.47","1562.99","1554.63","-","1882.64","1786.24","1556.85","1544.01","-","1883.48","1785.94","1554.72","1540.99","-","1883.95","1785.85","1556.19","1544.32","-","1889.89","1791.75","1558.41","1542.84","-","1903.43","1803.61","1570.24","1552.58","-","1903.01","1803.41","1573.15","1559.25","-","1907.88","1809.60","1571.50","1555.88","-","1915.25","1816.40","1576.89","1563.82","-"
"51","Mato Grosso","Baixo","1266.99","1197.04","1225.72","-","-","1278.22","1208.82","1240.29","-","-","1273.46","1203.39","1237.74","-","-","1275.61","1206.33","1244.74","-","-","1272.52","1203.69","1236.38","-","-","1272.61","1204.11","1235.27","-","-","1276.98","1208.08","1237.60","-","-","1280.02","1211.19","1239.10","-","-","1293.36","1222.99","1249.10","-","-","1298.83","1228.44","1255.74","-","-","1297.03","1227.48","1255.50","-","-","1304.56","1234.21","1262.82","-","-"
"51","Mato Grosso","Mínimo","1095.00","-","-","-","1036.20","1102.87","-","-","-","1041.97","1101.53","-","-","-","1039.86","1103.05","-","-","-","1042.79","1099.58","-","-","-","1038.95","1102.70","-","-","-","1043.91","1106.62","-","-","-","1047.46","1107.24","-","-","-","1049.76","1121.23","-","-","-","1063.72","1124.28","-","-","-","1065.10","1122.95","-","-","-","1063.56","1130.38","-","-","-","1072.54"
"52","Goiás","Alto","-","2062.12","1844.34","1799.38","-","-","2075.64","1854.60","1820.07","-","-","2072.27","1842.56","1796.51","-","-","2057.79","1843.61","1804.14","-","-","2057.86","1841.08","1798.83","-","-","2091.88","1861.97","1833.76","-","-","2092.27","1869.71","1853.02","-","-","2081.26","1869.62","1853.52","-","-","2082.51","1878.43","1862.18","-","-","2085.52","1896.53","1872.01","-","-","2087.93","1901.58","1881.64","-","-","2104.36","1903.45","1930.51","-"
"52","Goiás","Normal","1810.22","1711.77","1480.53","1481.88","-","1819.65","1721.43","1486.74","1494.05","-","1814.51","1715.91","1478.45","1479.95","-","1806.42","1707.93","1483.14","1487.79","-","1803.29","1705.91","1480.78","1484.20","-","1836.28","1737.93","1508.10","1516.42","-","1834.23","1736.29","1512.11","1525.80","-","1832.75","1735.72","1513.79","1528.29","-","1828.15","1732.19","1519.12","1537.55","-","1828.09","1733.04","1527.15","1543.13","-","1830.55","1733.88","1530.79","1551.48","-","1843.06","1744.46","1531.36","1575.77","-"
"52","Goiás","Baixo","1267.54","1194.06","1202.54","-","-","1271.13","1198.34","1205.65","-","-","1266.56","1193.96","1200.43","-","-","1270.55","1197.66","1206.10","-","-","1267.72","1195.28","1203.58","-","-","1292.16","1218.87","1227.15","-","-","1294.51","1221.19","1230.82","-","-","1305.65","1231.71","1235.04","-","-","1305.44","1232.19","1242.29","-","-","1319.24","1245.01","1254.37","-","-","1313.69","1239.19","1256.28","-","-","1319.87","1246.25","1260.03","-","-"
"52","Goiás","Mínimo","1099.47","-","-","-","1021.15","1104.62","-","-","-","1023.77","1102.70","-","-","-","1022.10","1104.47","-","-","-","1022.87","1102.47","-","-","-","1020.75","1124.23","-","-","-","1045.33","1125.36","-","-","-","1049.59","1134.25","-","-","-","1059.88","1134.48","-","-","-","1063.47","1145.81","-","-","-","1075.52","1140.48","-","-","-","1069.61","1150.87","-","-","-","1076.44"
"53","Distrito Federal","Alto","-","2215.47","1927.12","1934.72","-","-","2212.15","1928.23","1941.74","-","-","2200.05","1931.50","1938.84","-","-","2194.58","1928.28","1947.84","-","-","2230.59","1962.16","1977.68","-","-","2233.44","1963.75","1974.35","-","-","2236.06","1978.68","1982.93","-","-","2231.54","1980.09","1987.81","-","-","2237.66","1968.03","1987.50","-","-","2243.65","1976.47","2000.26","-","-","2240.72","1982.46","2000.15","-","-","2240.25","1984.20","2005.68","-"
"53","Distrito Federal","Normal","1932.83","1827.98","1538.42","1537.87","-","1927.15","1823.70","1543.21","1546.81","-","1910.17","1807.38","1539.36","1542.41","-","1911.22","1807.04","1539.20","1550.22","-","1943.91","1837.32","1561.51","1573.27","-","1945.32","1838.23","1563.49","1571.94","-","1946.13","1838.83","1573.80","1584.00","-","1941.93","1833.54","1578.70","1588.45","-","1946.09","1837.82","1573.55","1588.68","-","1951.37","1844.69","1583.49","1600.74","-","1948.91","1842.34","1583.78","1597.82","-","1956.35","1847.15","1584.28","1600.82","-"
"53","Distrito Federal","Baixo","1330.89","1254.10","1216.86","-","-","1332.88","1256.72","1222.47","-","-","1330.12","1254.03","1220.43","-","-","1328.82","1251.93","1220.66","-","-","1348.08","1270.03","1240.42","-","-","1355.02","1276.23","1243.11","-","-","1354.42","1276.10","1251.60","-","-","1353.35","1274.86","1256.93","-","-","1352.29","1273.79","1254.72","-","-","1360.70","1282.90","1264.92","-","-","1355.12","1277.92","1266.13","-","-","1361.71","1282.88","1266.56","-","-"
"53","Distrito Federal","Mínimo","1155.47","-","-","-","1054.58","1157.49","-","-","-","1059.44","1155.06","-","-","-","1060.28","1154.46","-","-","-","1057.05","1171.52","-","-","-","1075.76","1178.28","-","-","-","1082.07","1175.07","-","-","-","1077.91","1175.31","-","-","-","1083.46","1177.10","-","-","-","1086.61","1180.75","-","-","-","1089.37","1177.86","-","-","-","1085.18","1181.37","-","-","-","1088.14"
"Fonte: IBGE - Sistema Nacional de Pesquisa de Custos e Índices da Construção Civil"

"Notas"
"1 - Ver moedas correntes e datas-base das séries em    http://www.ibge.gov.br/home/estatistica/indicadores/precos/sinapi/seriescustind.shtm"
"2 - Para obter outros dados sobre o SINAPI consulte a Caixa Econômica Federal no endereço http://www1.caixa.gov.br/gov/gov_social/municipal/programa_des_urbano/SINAPI/index.asp"
""
"Legenda"
"Símbolo","Significado"
"-","Zero absoluto, não resultante de um cálculo ou arredondamento.
Ex: Em determinado município não existem pessoas de 14 anos de idade sem instrução."
"0","Zero resultante de um cálculo ou arredondamento.
Ex: A inflação do feijão em determinada Região Metropolitana foi 0.
Determinado município produziu 400 kg de sementes de girassol e os dados da tabela são expressos em toneladas."
"X","Valor inibido para não identificar o informante.
Ex: Determinado município só possui uma empresa produtora de cimento, logo o valor de sua produção deve ser inibido."
"..","Valor não se aplica.
Ex: Não se pode obter o total da produção agrícola em determinado município quando os produtos agrícolas são contabilizados com unidades de medida distintas."
"...","Valor não disponível.
Ex: A produção de feijão em determinado município não foi pesquisada ou determinado município não existia no ano da pesquisa."
"A a Z
(exceto X)","Significa uma faixa de valores. Varia em função da tabela (se for o caso).
Ex: O nível de precisão da produção estimada de combustíveis está na faixa A (95 a 100%)"
